title,post_type,author,permalink,url,created_timestamp,duration,content_tag
When hospitality goes too far,video,PelicanDesAlpes,/r/Unexpected/comments/os7f28/when_hospitality_goes_too_far/,https://v.redd.it/qosfp12ramd71,2021-07-26T20:33:36.489000+0000,0:08,FALSE
I thought the guy was too afraid of the bird at first...,video,txhrow1,/r/Unexpected/comments/kylp32/i_thought_the_guy_was_too_afraid_of_the_bird_at/,https://v.redd.it/ifh1kutiypb61,2021-01-16T16:14:47.898000+0000,0:58,FALSE
Shaq cheese,video,South_Software_8390,/r/Unexpected/comments/ueu6im/shaq_cheese/,https://v.redd.it/gt6izev3xiw81,2022-04-29T19:59:05.516000+0000,0:07,FALSE
That‚Äôs expensive af,video,sparkysparkyboombaby,/r/Unexpected/comments/ibchvo/thats_expensive_af/,https://v.redd.it/bnjix35rujh51,2020-08-17T11:38:54.002000+0000,0:13,FALSE
No drone zone,video,karenxcheng,/r/Unexpected/comments/m1eqw0/no_drone_zone/,https://v.redd.it/zufmokvy42m61,2021-03-09T19:56:18.218000+0000,0:30,FALSE
Not the whole cake!,video,memezzer,/r/Unexpected/comments/lt8gjm/not_the_whole_cake/,https://v.redd.it/n2t85ab35wj61,2021-02-26T21:35:17.265000+0000,0:14,FALSE
Damm that got me,video,StormShadow250,/r/Unexpected/comments/uh1ru0/damm_that_got_me/,https://v.redd.it/3mzz6jey45x81,2022-05-02T22:42:04.979000+0000,0:59,FALSE
Why not both?,video,-xHanix-,/r/Unexpected/comments/t22lhp/why_not_both/,https://v.redd.it/73tqeoi7s7k81,2022-02-26T17:41:51.770000+0000,0:11,FALSE
I can't remember who send me this video nevermind there it is,video,gandalfwithbanana,/r/Unexpected/comments/mln1qk/i_cant_remember_who_send_me_this_video_nevermind/,https://v.redd.it/ge31e6lokmr61,2021-04-06T21:59:33.048000+0000,0:59,FALSE
What would you do?,video,RN_Renato,/r/Unexpected/comments/pr8z5k/what_would_you_do/,https://v.redd.it/qqicj0czzgo71,2021-09-19T14:29:13.325000+0000,0:48,FALSE
Christopher Lee is scarier than Saruman,video,HelMort,/r/Unexpected/comments/t90egr/christopher_lee_is_scarier_than_saruman/,https://v.redd.it/ykp3shxy71m81,2022-03-07T21:45:59.157000+0000,0:59,FALSE
Truly a masterpiece for the decade,video,majinwhu,/r/Unexpected/comments/ei926v/truly_a_masterpiece_for_the_decade/,https://v.redd.it/lo9e0vcgd1841,2019-12-31T21:23:38.682000+0000,0:58,FALSE
Soulmates,video,abdirahmanmahdi,/r/Unexpected/comments/mil4ep/soulmates/,https://v.redd.it/45n14ifbprq61,2021-04-02T14:09:01.699000+0000,0:34,FALSE
"""My friend over there thinks you're cute.""",video,Gagliardinter,/r/Unexpected/comments/zmjosv/my_friend_over_there_thinks_youre_cute/,https://v.redd.it/1hit9lfc026a1,2022-12-15T12:16:33.291000+0000,0:10,FALSE
Close it! close it! close it!,video,[deleted],/r/Unexpected/comments/uu3kuq/close_it_close_it_close_it/,https://v.redd.it/v4jk4ior4o091,2022-05-20T17:46:51.852000+0000,0:06,FALSE
Good morning!,video,MegabitMegs,/r/Unexpected/comments/xox5wf/good_morning/,https://v.redd.it/8gf805dey9q91,2022-09-26T21:53:44.443000+0000,0:30,FALSE
And that's how I met your mother...,video,[deleted],/r/Unexpected/comments/ql32bo/and_thats_how_i_met_your_mother/,https://v.redd.it/vt8stmh8e6x71,2021-11-02T12:27:18.346000+0000,0:26,FALSE
This clever Amber Alert PSA,video,bagelbagel44,/r/Unexpected/comments/m8tnuh/this_clever_amber_alert_psa/,https://v.redd.it/a9c0o2d5g2o61,2021-03-19T23:04:42.611000+0000,0:29,FALSE
That‚Äôs some skillful driving,video,deadstar420,/r/Unexpected/comments/vi540a/thats_some_skillful_driving/,https://v.redd.it/ih8tuai2b6791,2022-06-22T13:19:32.799000+0000,0:12,FALSE
gotta love Stephen Chow,video,KomanderAyam,/r/Unexpected/comments/vagomi/gotta_love_stephen_chow/,https://v.redd.it/zrurgpbb65591,2022-06-12T07:22:23.545000+0000,0:20,FALSE
If you had 24 hours with me..,video,Measy1,/r/Unexpected/comments/n2w969/if_you_had_24_hours_with_me/,https://v.redd.it/2w92g1w51mw61,2021-05-02T01:29:39.930000+0000,0:15,FALSE
An expert shows how to properly get into a BMW i8,video,turtles_all_down,/r/Unexpected/comments/nql0ty/an_expert_shows_how_to_properly_get_into_a_bmw_i8/,https://v.redd.it/45krl3hhmu271,2021-06-02T12:48:52.453000+0000,0:18,FALSE
"The clients said they didn‚Äôt like this, I have a feeling Reddit will appreciate my work",video,No-Fish-2949,/r/Unexpected/comments/1i1sicg/the_clients_said_they_didnt_like_this_i_have_a/,https://v.redd.it/szuv58xf44de1,2025-01-15T07:47:21.811000+0000,0:28,FALSE
Bro trained his whole life for this,video,pooopy_pants,/r/Unexpected/comments/1hznqk0/bro_trained_his_whole_life_for_this/,https://v.redd.it/nc6xksclokce1,2025-01-12T14:24:38.225000+0000,0:05,FALSE
owo that's scary,video,Gaghackz,/r/Unexpected/comments/uqtjz3/owo_thats_scary/,https://v.redd.it/b7dd5plqntz81,2022-05-16T11:18:09.476000+0000,0:49,FALSE
Prince Rupert‚Äôs drops vs Hydraulic Press,video,[deleted],/r/Unexpected/comments/w8komy/prince_ruperts_drops_vs_hydraulic_press/,https://v.redd.it/rntqo9676xd91,2022-07-26T14:05:42.902000+0000,0:34,FALSE
Let‚Äôs be friends,video,lauraintacoma,/r/Unexpected/comments/p70c7d/lets_be_friends/,https://v.redd.it/nw9jrwhfm6i71,2021-08-18T21:10:34.160000+0000,0:33,FALSE
Roller coaster of emotions,video,Bluelyght,/r/Unexpected/comments/v68fb8/roller_coaster_of_emotions/,https://v.redd.it/gemu18ny91491,2022-06-06T17:11:31.807000+0000,0:05,FALSE
She just wanted an autograph,video,Perino_wolf,/r/Unexpected/comments/11ivicf/she_just_wanted_an_autograph/,https://v.redd.it/m36pq65ruwla1,2023-03-05T12:02:26.239000+0000,0:26,FALSE
Smooth camera transition,video,[deleted],/r/Unexpected/comments/np2phm/smooth_camera_transition/,https://v.redd.it/gop27p4gdg271,2021-05-31T12:52:13.173000+0000,0:17,FALSE
Posing as the girl who stole her man 4 years ago,video,[deleted],/r/Unexpected/comments/tggnqt/posing_as_the_girl_who_stole_her_man_4_years_ago/,https://v.redd.it/5qhq4z2ukzn81,2022-03-17T18:22:48.697000+0000,0:07,FALSE
Don't cheat on her...,video,TwasAnChild,/r/Unexpected/comments/v1vguw/dont_cheat_on_her/,https://v.redd.it/hguva6y8ju291,2022-05-31T17:26:59.961000+0000,0:12,FALSE
Better call the vet,video,[deleted],/r/Unexpected/comments/utlwu6/better_call_the_vet/,https://v.redd.it/g9ktrpo4dk091,2022-05-20T05:06:42.346000+0000,0:52,FALSE
I didnt know they could do that,video,days_hadd,/r/Unexpected/comments/opjite/i_didnt_know_they_could_do_that/,https://v.redd.it/oqg4hllk1tc71,2021-07-22T18:09:52.444000+0000,0:13,FALSE
Paying for the bill,video,Gagliardinter,/r/Unexpected/comments/xexubi/paying_for_the_bill/,https://v.redd.it/mtjsn0vp51o91,2022-09-15T14:10:29.559000+0000,0:18,FALSE
let's take a little detour,video,iNeedHealing24_7,/r/Unexpected/comments/mxjyc2/lets_take_a_little_detour/,https://v.redd.it/hg5c2pkqh4v61,2021-04-24T13:26:45.942000+0000,0:15,FALSE
A mini break‚Ä¶,video,Tunexux,/r/Unexpected/comments/pmdpwf/a_mini_break/,https://v.redd.it/7quckpokdxm71,2021-09-11T19:25:57.282000+0000,0:10,FALSE
Ok now this is Halloween üéÉ,video,KaleidoscopeHumble42,/r/Unexpected/comments/1gdqyr5/ok_now_this_is_halloween/,https://v.redd.it/zvreowv6jexd1,2024-10-28T01:41:38.533000+0000,0:14,FALSE
i don't have a girlfriend,video,kohiii-,/r/Unexpected/comments/s23psi/i_dont_have_a_girlfriend/,https://v.redd.it/tbl38jrxn8b81,2022-01-12T11:02:41.224000+0000,0:24,FALSE
Reporting live on TV,video,ChandlerBingsSarcasm,/r/Unexpected/comments/1jk62qo/reporting_live_on_tv/,https://v.redd.it/mom5funkizqe1,2025-03-26T07:15:29.998000+0000,0:08,FALSE
Winner got the best prize,video,spyrg,/r/Unexpected/comments/s86l10/winner_got_the_best_prize/,https://v.redd.it/hr4yx5ioxqc81,2022-01-20T01:33:23.561000+0000,0:59,FALSE
Just another day zip lining,video,porkchopsforsaken,/r/Unexpected/comments/tee6rq/just_another_day_zip_lining/,https://v.redd.it/x0wgeql7ign81,2022-03-15T02:14:14.194000+0000,0:43,FALSE
Insane Skills,video,ShyamGopal02,/r/Unexpected/comments/tss929/insane_skills/,https://v.redd.it/8bw771p6inq81,2022-03-31T04:59:08.568000+0000,0:29,FALSE
That's your date?,video,Zaboo_007,/r/Unexpected/comments/y23ek0/thats_your_date/,https://v.redd.it/erq57izdidt91,2022-10-12T13:03:31.479000+0000,0:24,FALSE
Mike is a good guy,video,EdicaranFauna,/r/Unexpected/comments/t2trdw/mike_is_a_good_guy/,https://v.redd.it/ii9olx4xzek81,2022-02-27T17:57:32.627000+0000,0:44,FALSE
It was definitely worth it,video,FearmyBeard21,/r/Unexpected/comments/q6mlzv/it_was_definitely_worth_it/,https://v.redd.it/ctptav8vx0t71,2021-10-12T13:49:50.767000+0000,0:23,FALSE
Ryan Reynolds is a Canadian treasure,video,1q8b,/r/Unexpected/comments/pnsith/ryan_reynolds_is_a_canadian_treasure/,https://v.redd.it/pb222xu2bdn71,2021-09-14T01:00:33.736000+0000,0:46,FALSE
All new robotics,video,ninjistix,/r/Unexpected/comments/j6q0so/all_new_robotics/,https://v.redd.it/gwmr41gl3or51,2020-10-07T12:36:48.843000+0000,0:37,FALSE
‚ö†Ô∏è‚ö†Ô∏è‚ö†Ô∏è This is why you should NEVER stay near the exit of a railway tunnel!,video,nicosfofo,/r/Unexpected/comments/qsz4ix/this_is_why_you_should_never_stay_near_the_exit/,https://v.redd.it/4ndn7vplicz71,2021-11-13T11:10:09.386000+0000,0:12,FALSE
a solid answer,video,Live_Word_95,/r/Unexpected/comments/10bqc2f/a_solid_answer/,https://v.redd.it/8n34lu31w0ca1,2023-01-14T14:55:50.932000+0000,0:10,FALSE
When the wings are too good,video,RuhaNeon,/r/Unexpected/comments/p1wzzz/when_the_wings_are_too_good/,https://v.redd.it/0bj1krri6lg71,2021-08-10T19:59:57.637000+0000,0:52,FALSE
that‚Äôs how you get the girl,video,Happy_go_luc,/r/Unexpected/comments/u5tsmf/thats_how_you_get_the_girl/,https://v.redd.it/bsdt9phm05u81,2022-04-17T19:05:00.882000+0000,0:05,FALSE
He doctor stranged that shit,video,[deleted],/r/Unexpected/comments/rdre1s/he_doctor_stranged_that_shit/,https://v.redd.it/p79zq240bu481,2021-12-11T04:20:30.035000+0000,0:23,FALSE
She is absolutely essential and must be protected at all costs,video,MisterT12,/r/Unexpected/comments/gbaypw/she_is_absolutely_essential_and_must_be_protected/,https://v.redd.it/urxmx6gbs2w41,2020-05-01T03:47:56.740000+0000,0:12,FALSE
A flower for the lovely lady.,video,treatherlike454,/r/Unexpected/comments/o2niv9/a_flower_for_the_lovely_lady/,https://v.redd.it/reh5tmu8l0671,2021-06-18T12:04:01.301000+0000,0:15,FALSE
Jews control everything,video,EnlightenedFlorist,/r/Unexpected/comments/13emsz3/jews_control_everything/,https://v.redd.it/t0jrzevia7za1,2023-05-11T13:02:55.368000+0000,0:37,FALSE
How to stop a tantrum,video,Morgentau7,/r/Unexpected/comments/uvbxh9/how_to_stop_a_tantrum/,https://v.redd.it/mf62nujqd1191,2022-05-22T14:20:24.821000+0000,0:10,FALSE
A visit to the Moon,video,MrBitchh,/r/Unexpected/comments/o70d5v/a_visit_to_the_moon/,https://v.redd.it/wjbq27jlo7771,2021-06-24T12:59:17.489000+0000,0:28,FALSE
beware very horrific fight,video,Community_Agile,/r/Unexpected/comments/ujszfc/beware_very_horrific_fight/,https://v.redd.it/wdw7qrlm7wx81,2022-05-06T17:44:48.329000+0000,0:57,FALSE
For those who want realism in FPS and war games.,video,[deleted],/r/Unexpected/comments/v2gnsi/for_those_who_want_realism_in_fps_and_war_games/,https://v.redd.it/iixln7l3e0391,2022-06-01T13:09:14.758000+0000,0:35,FALSE
"Indian TikToks, always unpredictable",video,KennTheZen,/r/Unexpected/comments/ms1wsd/indian_tiktoks_always_unpredictable/,https://v.redd.it/1gctqdmz1jt61,2021-04-16T12:16:34.356000+0000,0:25,FALSE
Happy new year everybody,video,[deleted],/r/Unexpected/comments/100q866/happy_new_year_everybody/,https://v.redd.it/dlyt3lo4ri9a1,2023-01-01T18:47:36.161000+0000,0:18,FALSE
The country is Bulgaria,video,jayy8143,/r/Unexpected/comments/pfr0h7/the_country_is_bulgaria/,https://v.redd.it/jj5ng1kcbvk71,2021-09-01T10:22:19.828000+0000,0:41,FALSE
Grandma taught me this,video,KennyRoger69,/r/Unexpected/comments/pgm71r/grandma_taught_me_this/,https://v.redd.it/qqbgp9ijh4l71,2021-09-02T17:12:02.037000+0000,0:19,FALSE
It‚Äôs me‚Ä¶,video,i_hateeveryone,/r/Unexpected/comments/ux5p3e/its_me/,https://v.redd.it/8y49eyroti191,2022-05-25T01:00:04.190000+0000,0:19,FALSE
The power of a ladder,video,Then_Device_2480,/r/Unexpected/comments/sni8cl/the_power_of_a_ladder/,https://v.redd.it/bc665c7kjlg81,2022-02-08T11:41:55.168000+0000,0:47,FALSE
The general's daughter,video,MorgrainX,/r/Unexpected/comments/wadj73/the_generals_daughter/,https://v.redd.it/ysv4291tzbe91,2022-07-28T15:55:40.453000+0000,0:06,FALSE
She‚Äôs not a golfer. She‚Äôs an engineer.,video,deathakissaway,/r/Unexpected/comments/jvj1bl/shes_not_a_golfer_shes_an_engineer/,https://v.redd.it/4n83wjp65pz51,2020-11-17T00:40:49.736000+0000,0:59,FALSE
Different kind of claw machine,video,Gymnospermic,/r/Unexpected/comments/13cnm5p/different_kind_of_claw_machine/,https://v.redd.it/3vtjsi8fpsya1,2023-05-09T11:59:29.767000+0000,0:18,FALSE
Big mistake dawg,video,iagooliveira,/r/Unexpected/comments/al2gtj/big_mistake_dawg/,https://v.redd.it/u9j0gxtcfed21,2019-01-29T17:41:24.762000+0000,0:29,FALSE
How could you have possibly made that mistake,video,sexipuppi,/r/Unexpected/comments/pzhp73/how_could_you_have_possibly_made_that_mistake/,https://v.redd.it/dny8rg2uqwq71,2021-10-01T21:35:16.111000+0000,0:09,FALSE
Stabby Mcstaberton,video,EveryXtakeYouCanMake,/r/Unexpected/comments/t88h5g/stabby_mcstaberton/,https://v.redd.it/hxbnf82fwtl81,2022-03-06T21:09:19.315000+0000,0:18,FALSE
Who is having another baby?,video,Yachisaorick,/r/Unexpected/comments/t9i6s7/who_is_having_another_baby/,https://v.redd.it/lp84rgei86m81,2022-03-08T14:38:09.060000+0000,0:18,FALSE
Police officers at doorbell camera,video,Reddit__Dave,/r/Unexpected/comments/txwfht/police_officers_at_doorbell_camera/,https://v.redd.it/9ufeftqd5zr81,2022-04-06T21:13:00.581000+0000,0:57,FALSE
We are waiting,video,ggoldlover,/r/Unexpected/comments/joonah/we_are_waiting/,https://v.redd.it/ql4n5k3zxgx51,2020-11-05T18:57:37.822000+0000,0:04,FALSE
Giving quests in da hood.,video,MousseSuspicious930,/r/Unexpected/comments/vizh71/giving_quests_in_da_hood/,https://v.redd.it/4xzvk09f2e791,2022-06-23T15:24:56.630000+0000,0:25,FALSE
Police officers at doorbell camera,video,hoTRod_Zz,/r/Unexpected/comments/v44gcc/police_officers_at_doorbell_camera/,https://v.redd.it/s8i97pf9yf391,2022-06-03T17:28:51.480000+0000,0:57,FALSE
Going into labor on Halloween,video,TerrySharpHY,/r/Unexpected/comments/yib3ii/going_into_labor_on_halloween/,https://v.redd.it/eb90tvpz05x91,2022-10-31T12:48:27.342000+0000,0:26,FALSE
I don't go out on dates with guys who don't open the doors for me.,video,Im3Rorr,/r/Unexpected/comments/yarc24/i_dont_go_out_on_dates_with_guys_who_dont_open/,https://v.redd.it/2j4jq03hqdv91,2022-10-22T15:57:59.047000+0000,0:20,FALSE
Such a good boy,video,savastano88,/r/Unexpected/comments/m13zb5/such_a_good_boy/,https://v.redd.it/8ydmwmbmfzl61,2021-03-09T10:48:21.675000+0000,0:26,FALSE
I don‚Äôt remember seeing this on history channel,video,MrFeature_1,/r/Unexpected/comments/ut0yan/i_dont_remember_seeing_this_on_history_channel/,https://v.redd.it/k8rzwehm0f091,2022-05-19T11:07:36.741000+0000,0:49,FALSE
The graceful British Prime Minister.,video,ygrowup-vk,/r/Unexpected/comments/otxebj/the_graceful_british_prime_minister/,https://v.redd.it/zdyrcypsk5e71,2021-07-29T13:23:22.850000+0000,0:30,FALSE
The only form of gun violence I want to see in America,video,Limitless_yt89,/r/Unexpected/comments/w7jwff/the_only_form_of_gun_violence_i_want_to_see_in/,https://v.redd.it/c2ml1s0tiod91,2022-07-25T08:59:54.091000+0000,0:02,FALSE
Caricature Artist,video,vectorix108,/r/Unexpected/comments/111m7zf/caricature_artist/,https://v.redd.it/ybdownub91ia1,2023-02-13T22:35:33.706000+0000,0:10,FALSE
"""What kind of sandwich is that?""",video,5_Frog_Margin,/r/Unexpected/comments/sahaax/what_kind_of_sandwich_is_that/,https://v.redd.it/kumwsymq7cd81,2022-01-23T01:07:22.362000+0000,0:20,FALSE
How secure are gated communities?,video,BrownsAndCavs,/r/Unexpected/comments/12yhv4l/how_secure_are_gated_communities/,https://v.redd.it/cbynh3zse2wa1,2023-04-25T12:25:02.866000+0000,0:32,FALSE
he still searching,video,FearmyBeard21,/r/Unexpected/comments/p3ogx7/he_still_searching/,https://v.redd.it/mqsqairhi5h71,2021-08-13T16:22:45.091000+0000,0:25,FALSE
This Is Loki Powerful,video,Retro_Code,/r/Unexpected/comments/nmxb1u/this_is_loki_powerful/,https://v.redd.it/47g8cujzzu171,2021-05-28T12:59:57.509000+0000,0:19,FALSE
You just bought a house and this happens. What do you do?,video,[deleted],/r/Unexpected/comments/ojy7mj/you_just_bought_a_house_and_this_happens_what_do/,https://v.redd.it/c8o246ded4b71,2021-07-14T06:07:26.662000+0000,0:06,FALSE
The real language of love,video,deadstar420,/r/Unexpected/comments/umjxzi/the_real_language_of_love/,https://v.redd.it/qwk5nlyorny81,2022-05-10T14:25:53.886000+0000,0:16,FALSE
How to calm a crying child.,video,marcbacus,/r/Unexpected/comments/w9aklb/how_to_calm_a_crying_child/,https://v.redd.it/fdszzjfo23e91,2022-07-27T09:55:59.748000+0000,0:23,FALSE
He got his eyes on the prize! (Credits @Luke tiktok),video,shitgamer52,/r/Unexpected/comments/vfxt14/he_got_his_eyes_on_the_prize_credits_luke_tiktok/,https://v.redd.it/1b08lydzkl691,2022-06-19T15:37:13.247000+0000,0:12,FALSE
My dogs reaction playing connect 4,video,Lyaphine,/r/Unexpected/comments/gcbeg1/my_dogs_reaction_playing_connect_4/,https://v.redd.it/sjrojzxfbew41,2020-05-02T18:35:34.482000+0000,0:26,FALSE
Sneak peaking a deer,video,ShadowsRanger,/r/Unexpected/comments/zncuhi/sneak_peaking_a_deer/,https://v.redd.it/btdlgwzm096a1,2022-12-16T11:50:39.308000+0000,0:13,FALSE
What's the worst that can happen?,video,luckiestredditor,/r/Unexpected/comments/u4o61j/whats_the_worst_that_can_happen/,https://v.redd.it/o1wi9tnq0tt81,2022-04-16T02:44:30.807000+0000,0:23,FALSE
He's learnt the samurai moves,video,diabloXvintage,/r/Unexpected/comments/ppfuul/hes_learnt_the_samurai_moves/,https://v.redd.it/qtqsntnwyvn71,2021-09-16T15:46:02.838000+0000,0:16,FALSE
He is the choosen one,video,Long-Tax-77,/r/Unexpected/comments/s9dgl1/he_is_the_choosen_one/,https://v.redd.it/3zjdu9v092d81,2022-01-21T15:36:42.249000+0000,0:12,FALSE
Filming a Pelican When All Of a Sudden I Hear Splashing Next To Me,video,TommyLeeBrown,/r/Unexpected/comments/pg2w8p/filming_a_pelican_when_all_of_a_sudden_i_hear/,https://v.redd.it/5o1dh5cfgyk71,2021-09-01T20:55:29.022000+0000,0:27,FALSE
Kids these days thinks smoking is cool smh,video,Sn-Quentin,/r/Unexpected/comments/sgqmfh/kids_these_days_thinks_smoking_is_cool_smh/,https://v.redd.it/5rtdryo7wxe81,2022-01-31T03:05:56.961000+0000,0:08,FALSE
it's not my fault!,video,Accurate_Purpose828,/r/Unexpected/comments/vnb9uf/its_not_my_fault/,https://v.redd.it/172qfmsjzi891,2022-06-29T09:01:46.666000+0000,0:15,FALSE
A Cyclist Filming Himself In The Forest,video,Hacka4771,/r/Unexpected/comments/s4vvrk/a_cyclist_filming_himself_in_the_forest/,https://v.redd.it/jo1mqcaoexb81,2022-01-15T22:17:34.968000+0000,0:48,FALSE
Gender reveal.,video,Latter_Ad2346,/r/Unexpected/comments/tfcn14/gender_reveal/,https://v.redd.it/1d6835iqfpn81,2022-03-16T08:16:32.324000+0000,0:08,FALSE
Surprise mutherfucker!,video,couldibeeltonjohn,/r/Unexpected/comments/p0h73h/surprise_mutherfucker/,https://v.redd.it/z85vikm3p5g71,2021-08-08T15:56:26.363000+0000,0:22,FALSE
That smile tho,video,pawonpawonpawon,/r/Unexpected/comments/sw92bp/that_smile_tho/,https://v.redd.it/nwb3lgoiasi81,2022-02-19T12:32:54.889000+0000,0:15,FALSE
Birthday wish.,video,majedhazmi,/r/Unexpected/comments/vv8lbw/birthday_wish/,https://v.redd.it/qzk2e0zobla91,2022-07-09T19:01:43.034000+0000,0:11,FALSE
Back when stories had simpler morals.,video,AnnihilationOrchid,/r/Unexpected/comments/12u9ne1/back_when_stories_had_simpler_morals/,https://v.redd.it/0zzz9g1nj9va1,2023-04-21T16:20:48.064000+0000,0:33,FALSE
The squat was impressive enough,video,1q8b,/r/Unexpected/comments/vudxq4/the_squat_was_impressive_enough/,https://v.redd.it/m6e494zd9da91,2022-07-08T15:54:44.439000+0000,0:22,FALSE
Guy wants to try a stunt,video,Harrison_Stetson,/r/Unexpected/comments/ukcvjg/guy_wants_to_try_a_stunt/,https://v.redd.it/8gycisnhy1y81,2022-05-07T13:04:12.928000+0000,0:16,FALSE
Hope he's ok...,video,YeVkiN,/r/Unexpected/comments/111046y/hope_hes_ok/,https://v.redd.it/w1ywxc4w2wha1,2023-02-13T05:09:43.503000+0000,0:25,FALSE
Doing the right thing,video,SinjiOnO,/r/Unexpected/comments/sw0lln/doing_the_right_thing/,https://v.redd.it/gb5ghsebopi81,2022-02-19T03:43:49.120000+0000,0:29,FALSE
I love you dad,video,handlewithcareme,/r/Unexpected/comments/nh3rry/i_love_you_dad/,https://v.redd.it/rez7w1kira071,2021-05-20T15:51:54.214000+0000,0:11,FALSE
Jack Nicholson knows what is up.,video,[deleted],/r/Unexpected/comments/olw0hx/jack_nicholson_knows_what_is_up/,https://v.redd.it/1wkugr70uob71,2021-07-17T02:56:16.457000+0000,0:24,FALSE
Ninja Jackson,video,0zone042,/r/Unexpected/comments/uxyisr/ninja_jackson/,https://v.redd.it/58vwgjeapq191,2022-05-26T03:29:45.845000+0000,0:08,FALSE
English cursive writing versus Russian cursive writing,video,Lunatic_Dpali,/r/Unexpected/comments/vex0p2/english_cursive_writing_versus_russian_cursive/,https://v.redd.it/okf8hdqcoa691,2022-06-18T03:11:26.100000+0000,0:53,FALSE
Better luck next time,video,-xHanix-,/r/Unexpected/comments/niks4i/better_luck_next_time/,https://v.redd.it/2kzz13fruo071,2021-05-22T15:15:17.055000+0000,0:21,FALSE
Is a corpse?,video,laiaum,/r/Unexpected/comments/jbkuof/is_a_corpse/,https://v.redd.it/6seh52w8h8t51,2020-10-15T10:13:55.073000+0000,0:39,FALSE
Hey if you‚Äôd stop sending me mail that‚Äôd be great.,video,Samsdonkeyjaw,/r/Unexpected/comments/mtbvhy/hey_if_youd_stop_sending_me_mail_thatd_be_great/,https://v.redd.it/1wmvr3gidxt61,2021-04-18T12:25:59.005000+0000,0:28,FALSE
Cake. The Movie,video,[deleted],/r/Unexpected/comments/hqrqst/cake_the_movie/,https://v.redd.it/9my0gw801qa51,2020-07-14T00:55:39.270000+0000,0:43,FALSE
Oldest trick in the book ?,video,mavenmike,/r/Unexpected/comments/wh2dz3/oldest_trick_in_the_book/,https://v.redd.it/ebjqq553sxf91,2022-08-05T18:15:39.672000+0000,0:37,FALSE
Never let this video die,video,ne7d0,/r/Unexpected/comments/q1vm8p/never_let_this_video_die/,https://v.redd.it/i0dcuoxvnmr71,2021-10-05T12:44:35.847000+0000,0:09,FALSE
Stop right there!,video,-xHanix-,/r/Unexpected/comments/pao0e2/stop_right_there/,https://v.redd.it/kuf1qw5ybbj71,2021-08-24T14:05:10.480000+0000,0:10,FALSE
Mentos ad 15 years ago,video,[deleted],/r/Unexpected/comments/pj1gsk/mentos_ad_15_years_ago/,https://v.redd.it/rl3f7t6ihwl71,2021-09-06T15:22:19.046000+0000,0:46,FALSE
What will you do with a hoop?,video,sbdorsth,/r/Unexpected/comments/zexsw1/what_will_you_do_with_a_hoop/,https://v.redd.it/uccmzfjcvh4a1,2022-12-07T10:28:49.217000+0000,0:25,FALSE
welcome to the Haunted House,video,sudhir369,/r/Unexpected/comments/q9blgs/welcome_to_the_haunted_house/,https://v.redd.it/n5pdlf7d9tt71,2021-10-16T13:03:48.742000+0000,0:21,FALSE
I smell love,video,theduck1893,/r/Unexpected/comments/kw43y9/i_smell_love/,https://v.redd.it/qa0jq9xnoza61,2021-01-12T23:55:01.710000+0000,0:14,FALSE
Even in defeat one must have style,video,TheNihilist911,/r/Unexpected/comments/xls1on/even_in_defeat_one_must_have_style/,https://v.redd.it/v59vkncrnkp91,2022-09-23T08:49:33.370000+0000,0:09,FALSE
How could she not have seen it?!,video,ZiraelN7,/r/Unexpected/comments/phgbow/how_could_she_not_have_seen_it/,https://v.redd.it/xuvpetqfhdl71,2021-09-03T23:27:32.671000+0000,0:08,FALSE
That's the real Slim Shady,video,jayy8143,/r/Unexpected/comments/phzabw/thats_the_real_slim_shady/,https://v.redd.it/rk7jusezsjl71,2021-09-04T20:44:01.023000+0000,0:15,FALSE
Uno Reverse,video,handlewithcareme,/r/Unexpected/comments/rtcusg/uno_reverse/,https://v.redd.it/0wgy9hq2n0981,2022-01-01T05:55:10.386000+0000,0:59,FALSE
"Tell me what's not in the Bible, that people think it is...",video,MousseSuspicious930,/r/Unexpected/comments/pkcm34/tell_me_whats_not_in_the_bible_that_people_think/,https://v.redd.it/94275g07ram71,2021-09-08T15:20:57.901000+0000,0:16,FALSE
Great product design!,video,vapeshape,/r/Unexpected/comments/knrv7b/great_product_design/,https://v.redd.it/b8667fx7jj861,2020-12-31T15:25:43.404000+0000,0:59,FALSE
the irony,video,Radiant-Sun2648,/r/Unexpected/comments/10rlgy6/the_irony/,https://v.redd.it/6uftf54b8sfa1,2023-02-02T09:04:52.364000+0000,0:34,FALSE
"When Snoop Dogg passes the blunt, you kinda just have to accept it",video,XXXTentacIes,/r/Unexpected/comments/eo6d2r/when_snoop_dogg_passes_the_blunt_you_kinda_just/,https://v.redd.it/bgo0dk2coka41,2020-01-13T16:27:21.438000+0000,0:12,FALSE
Doing what you got to do,video,davidwallacecto,/r/Unexpected/comments/11mq4fo/doing_what_you_got_to_do/,https://v.redd.it/gpmp068zsqma1,2023-03-09T11:45:55.033000+0000,0:17,FALSE
Such a beauty!,video,Reddituser0346,/r/Unexpected/comments/113pfwc/such_a_beauty/,https://v.redd.it/uymft7o15lia1,2023-02-16T12:26:48.267000+0000,0:23,FALSE
You had one job,video,totallystefanal,/r/Unexpected/comments/lx04m7/you_had_one_job/,https://v.redd.it/kj9e2zpdruk61,2021-03-03T18:00:36.527000+0000,0:37,FALSE
Mime pranking a tourist!,video,[deleted],/r/Unexpected/comments/z5rqfr/mime_pranking_a_tourist/,https://v.redd.it/9eruv6strg2a1,2022-11-27T04:38:59.509000+0000,0:37,FALSE
The hydraulics of this recycling truck...,video,Zergcolective,/r/Unexpected/comments/ftr9dk/the_hydraulics_of_this_recycling_truck/,https://v.redd.it/i6lrjyze3gq41,2020-04-02T18:08:27.733000+0000,0:31,FALSE
Gotta love physics,video,qasqaldag,/r/Unexpected/comments/x6pgxj/gotta_love_physics/,https://v.redd.it/54oob3zvy4m91,2022-09-05T19:51:01.477000+0000,0:26,FALSE
prankster,video,QuaysPwn,/r/Unexpected/comments/uiutzh/prankster/,https://v.redd.it/7ytxxny71nx81,2022-05-05T10:54:46.085000+0000,0:17,FALSE
Eligible single lady,video,lilmcfuggin,/r/Unexpected/comments/q8a0om/eligible_single_lady/,https://v.redd.it/jhk05gooqht71,2021-10-14T22:19:29.788000+0000,0:17,FALSE
When mom finds your gummy‚Äôs,video,Goldenegggsss,/r/Unexpected/comments/mv12wm/when_mom_finds_your_gummys/,https://v.redd.it/wx6ocjxqdeu61,2021-04-20T21:37:17.319000+0000,0:31,FALSE
Woah she‚Äôs so rich!!!1!1!1! (From r/holup),video,SomeoneAlmost,/r/Unexpected/comments/s6gyb6/woah_shes_so_rich111_from_rholup/,https://v.redd.it/nnhfeivbrbc81,2022-01-17T22:31:07.934000+0000,0:12,FALSE
Cardio at the gym,video,Pots_And_Pans,/r/Unexpected/comments/tzz6uy/cardio_at_the_gym/,https://v.redd.it/b8juok9tqjs81,2022-04-09T18:28:35.903000+0000,0:14,FALSE
"Well, that's unfortunate",video,[deleted],/r/Unexpected/comments/q57qgn/well_thats_unfortunate/,https://v.redd.it/gafkploqgms71,2021-10-10T13:08:54.531000+0000,0:17,FALSE
"2 Kyles, 1 Vape",video,Willyammers,/r/Unexpected/comments/d6x0iy/2_kyles_1_vape/,https://v.redd.it/3v44myw3vrn31,2019-09-20T16:03:05.799000+0000,0:14,FALSE
Nice throw,video,Ok-Needleworker447,/r/Unexpected/comments/vb5msh/nice_throw/,https://v.redd.it/xekeul031c591,2022-06-13T06:25:32.185000+0000,0:06,FALSE
"Thick, beautiful and gorgeous hair...",video,Sensitive_Attitude27,/r/Unexpected/comments/pf69sp/thick_beautiful_and_gorgeous_hair/,https://v.redd.it/bbof5jrk7pk71,2021-08-31T13:51:26.442000+0000,0:11,FALSE
Learning a life lesson,video,WellEndowedHorse,/r/Unexpected/comments/jj4h7k/learning_a_life_lesson/,https://v.redd.it/79riusupznv51,2020-10-27T16:31:33.351000+0000,0:57,FALSE
I saw a girl on a rock taking a selfie...so I photobombed it.,video,yagahoya,/r/Unexpected/comments/npg83h/i_saw_a_girl_on_a_rock_taking_a_selfieso_i/,https://v.redd.it/hlu8s9pqij271,2021-05-31T23:27:39.924000+0000,0:24,FALSE
Look in the trees,video,memyself69,/r/Unexpected/comments/ku532j/look_in_the_trees/,https://v.redd.it/ccyf2a0ayea61,2021-01-10T02:10:56.576000+0000,0:10,FALSE
LOOK DAD ITS DEEP,video,[deleted],/r/Unexpected/comments/of8jcw/look_dad_its_deep/,https://v.redd.it/pp5g9ir0yo971,2021-07-07T01:10:39.058000+0000,0:28,FALSE
Stealth 100,video,kimboe313,/r/Unexpected/comments/11ambqv/stealth_100/,https://v.redd.it/9lp570hwi3ka1,2023-02-24T08:20:21.444000+0000,0:10,FALSE
Barkour,video,rudy_gongora,/r/Unexpected/comments/k6ewmz/barkour/,https://v.redd.it/pxj7izqpy3361,2020-12-04T05:44:04.824000+0000,0:14,FALSE
How to get free drinks,video,frosted_bite,/r/Unexpected/comments/sg339o/how_to_get_free_drinks/,https://v.redd.it/yxq2kh19ure81,2022-01-30T06:44:13.024000+0000,0:43,FALSE
uno reverse card,video,v4vanky,/r/Unexpected/comments/urg1k2/uno_reverse_card/,https://v.redd.it/9g1gihe0bzz81,2022-05-17T06:17:18.526000+0000,0:08,FALSE
Elton John on Eminem,video,I_hatt,/r/Unexpected/comments/13kdaw5/elton_john_on_eminem/,https://v.redd.it/6bwmf4aucg0b1,2023-05-17T20:35:49.018000+0000,0:40,FALSE
Alright have a nice day,video,raretilldeath,/r/Unexpected/comments/oy8uys/alright_have_a_nice_day/,https://v.redd.it/ndl2ui6ghgf71,2021-08-05T03:08:05.100000+0000,0:20,FALSE
Explaining the stock market in Russia right now,video,m3antar,/r/Unexpected/comments/t5vu5s/explaining_the_stock_market_in_russia_right_now/,https://v.redd.it/bsnjbfgz67l81,2022-03-03T16:47:45.673000+0000,0:47,FALSE
She never gonna take photo after this,video,Drazor9,/r/Unexpected/comments/1j8lss4/she_never_gonna_take_photo_after_this/,https://v.redd.it/lrp4b1s8q0oe1,2025-03-11T08:07:52.574000+0000,0:34,FALSE
Can i keeep it ü•∫,video,Zaboo_007,/r/Unexpected/comments/uugod3/can_i_keeep_it/,https://v.redd.it/qgkw2z43or091,2022-05-21T05:40:55.269000+0000,0:31,FALSE
How could she ? üòÇ,video,greasyyum,/r/Unexpected/comments/mplhz3/how_could_she/,https://v.redd.it/16zgiivtoss61,2021-04-12T19:36:08.901000+0000,0:59,FALSE
what a nice cosplay convention,video,jokerpersona1234,/r/Unexpected/comments/qac0yw/what_a_nice_cosplay_convention/,https://v.redd.it/ayl916fcz3u71,2021-10-18T01:07:12.458000+0000,0:12,FALSE
Dominican man has a message for all the haters,video,[deleted],/r/Unexpected/comments/nkjpsa/dominican_man_has_a_message_for_all_the_haters/,https://v.redd.it/72lc8mr8w7171,2021-05-25T07:17:17.907000+0000,0:22,FALSE
Freshly baked pie,video,iam_sobored,/r/Unexpected/comments/mlyrrk/freshly_baked_pie/,https://v.redd.it/slo7l1k56qr61,2021-04-07T10:03:43.076000+0000,0:17,FALSE
Accountant needed,video,My_Memes_Will_Cure_U,/r/Unexpected/comments/i45sgs/accountant_needed/,https://v.redd.it/z8qjovdfw6f51,2020-08-05T13:56:42.757000+0000,0:22,FALSE
The guy is exceptional.,video,Ehansaja,/r/Unexpected/comments/sefxiw/the_guy_is_exceptional/,https://v.redd.it/izhj0v7xbce81,2022-01-28T02:35:21.175000+0000,0:15,FALSE
A mother notices an intruder on the baby monitor,video,Toomad316,/r/Unexpected/comments/zb4fk6/a_mother_notices_an_intruder_on_the_baby_monitor/,https://v.redd.it/6l36vl3oqm3a1,2022-12-03T01:47:16.564000+0000,0:11,FALSE
If looks could kill,video,_Im_Dad,/r/Unexpected/comments/w745ny/if_looks_could_kill/,https://v.redd.it/rk8qo5rslkd91,2022-07-24T19:49:08.799000+0000,0:29,FALSE
"They wanted to see who broke the side mirror, so they checked the CCTV",video,nima_sh,/r/Unexpected/comments/etrmmp/they_wanted_to_see_who_broke_the_side_mirror_so/,https://v.redd.it/ywg1f1ewtxc41,2020-01-25T14:50:01.023000+0000,0:05,FALSE
The bat never stops,video,cirgil,/r/Unexpected/comments/wmd0ap/the_bat_never_stops/,https://v.redd.it/nn7a5b0ve9h91,2022-08-12T05:27:11.571000+0000,0:25,FALSE
Greenscreen Dress,video,DesignerFrequent,/r/Unexpected/comments/qcqfh5/greenscreen_dress/,https://v.redd.it/irhvw9q9psu71,2021-10-21T12:15:31.270000+0000,0:22,FALSE
Tit for tat,video,adit_t26,/r/Unexpected/comments/py2lip/tit_for_tat/,https://v.redd.it/jt5d75p5thq71,2021-09-29T19:21:31.014000+0000,0:10,FALSE
Waiter shows off skills with water,video,dump_acc_91,/r/Unexpected/comments/ucztrz/waiter_shows_off_skills_with_water/,https://v.redd.it/g0zq0i2lm1w81,2022-04-27T09:49:28.651000+0000,0:12,FALSE
The pain...,video,Allstarhit,/r/Unexpected/comments/ns945u/the_pain/,https://v.redd.it/lequxt28z9371,2021-06-04T16:25:39.612000+0000,0:53,FALSE
"The problem with selling seeds without netting, you get an invasion of pigeons that turns into a feeding frenzy.",video,_Im_Dad,/r/Unexpected/comments/vk93al/the_problem_with_selling_seeds_without_netting/,https://v.redd.it/kj803uytsp791,2022-06-25T06:52:47.527000+0000,0:14,FALSE
petting gloves,video,yesterdaddy,/r/Unexpected/comments/f69rn6/petting_gloves/,https://v.redd.it/abh29n7rbvh41,2020-02-19T11:45:00.611000+0000,0:20,FALSE
Young employee sick with new disease,video,nastynel45,/r/Unexpected/comments/p41yxf/young_employee_sick_with_new_disease/,https://v.redd.it/7vey7zixb9h71,2021-08-14T05:13:22.288000+0000,0:19,FALSE
Will you marry me?,video,ihopebolsonarodies,/r/Unexpected/comments/e1eskk/will_you_marry_me/,https://v.redd.it/4wbclh97it041,2019-11-25T11:29:51.043000+0000,0:46,FALSE
Sean millea comedy show,video,Captaincuntusmaximus,/r/Unexpected/comments/uwfchu/sean_millea_comedy_show/,https://v.redd.it/haf2aub0sb191,2022-05-24T01:18:11.966000+0000,0:46,FALSE
Wow.. nice,video,Current_Geologist767,/r/Unexpected/comments/rfkrkn/wow_nice/,https://v.redd.it/ql17pfmjfc581,2021-12-13T17:17:51.017000+0000,0:30,FALSE
Nice day at the lake,video,memezzer,/r/Unexpected/comments/hsbsoe/nice_day_at_the_lake/,https://v.redd.it/4fyhj7i4o8b51,2020-07-16T15:37:29.377000+0000,0:14,FALSE
well that kinda sucks,video,lakerboy152,/r/Unexpected/comments/n77mxx/well_that_kinda_sucks/,https://v.redd.it/1xqjw9059rx61,2021-05-07T20:06:41.410000+0000,0:13,FALSE
Kid knows what to do,video,CLOT074,/r/Unexpected/comments/xe4eea/kid_knows_what_to_do/,https://v.redd.it/7he9l1qj9un91,2022-09-14T15:08:32.309000+0000,0:32,FALSE
Morgan Freeman X Jackie Chan,video,Kevin_0019,/r/Unexpected/comments/ipwkgq/morgan_freeman_x_jackie_chan/,https://v.redd.it/ztnv43vo09m51,2020-09-10T04:34:45.534000+0000,0:09,FALSE
"No Pain, No Gain",video,kimboe313,/r/Unexpected/comments/ts4i59/no_pain_no_gain/,https://v.redd.it/a3di2751diq81,2022-03-30T11:41:12.568000+0000,0:11,FALSE
Not as skinny from the right angle,video,ginger_burner,/r/Unexpected/comments/zprg0d/not_as_skinny_from_the_right_angle/,https://v.redd.it/yw3l8aj7dw6a1,2022-12-19T13:22:03.404000+0000,0:10,FALSE
It's salvation waiting for him,video,mkvs25,/r/Unexpected/comments/xy89c7/its_salvation_waiting_for_him/,https://v.redd.it/7t0sf5czsfs91,2022-10-07T19:42:18.823000+0000,0:10,FALSE
"""If it hits 50 I'm literally blowing up this car""",video,juicedaakid,/r/Unexpected/comments/vdq8tk/if_it_hits_50_im_literally_blowing_up_this_car/,https://v.redd.it/sty83fqxh0691,2022-06-16T16:43:30.676000+0000,0:37,FALSE
Apply cold water to burned area,video,Zamzamisims,/r/Unexpected/comments/ts3vj0/apply_cold_water_to_burned_area/,https://v.redd.it/h0tyi94t4iq81,2022-03-30T11:02:33.868000+0000,0:31,FALSE
What a shot!,video,Fully03,/r/Unexpected/comments/q3fwkg/what_a_shot/,https://v.redd.it/ckcjkn4dr2s71,2021-10-07T18:54:09.538000+0000,0:19,FALSE
Healing from surgery,video,SluggishStudent,/r/Unexpected/comments/lzsov6/healing_from_surgery/,https://v.redd.it/72tq0onpiml61,2021-03-07T15:22:04.023000+0000,0:09,FALSE
President Obama forgets the salute,video,Kaos2018,/r/Unexpected/comments/ru7msa/president_obama_forgets_the_salute/,https://v.redd.it/32u7eisac9981,2022-01-02T11:13:44.562000+0000,0:40,FALSE
She forgor üíÄ,video,[deleted],/r/Unexpected/comments/rs3ksj/she_forgor/,https://v.redd.it/739uwsfn0p881,2021-12-30T14:53:28.730000+0000,0:22,FALSE
Busted by the Cops,video,shittycommentdude,/r/Unexpected/comments/12kkyjp/busted_by_the_cops/,https://v.redd.it/yf31pwt5vmta1,2023-04-13T11:00:09.221000+0000,0:50,FALSE
Rescue a dog from the streets and find out is not a dog,video,Brilliant_Sherbet_53,/r/Unexpected/comments/xeq9ou/rescue_a_dog_from_the_streets_and_find_out_is_not/,https://v.redd.it/wllzcxdo5zn91,2022-09-15T07:26:43.509000+0000,0:09,FALSE
Legends when they get into an elevator alone.,video,NinaMalkov,/r/Unexpected/comments/roz7qv/legends_when_they_get_into_an_elevator_alone/,https://v.redd.it/2v7db7vdpw781,2021-12-26T15:37:15.122000+0000,0:22,FALSE
When you just don't give a damn anymore,video,Mendys86,/r/Unexpected/comments/lbiglm/when_you_just_dont_give_a_damn_anymore/,https://v.redd.it/ad29bw8yu7f61,2021-02-03T07:39:12.816000+0000,0:10,FALSE
First time assassin,video,Nihilist911,/r/Unexpected/comments/j5fzwf/first_time_assassin/,https://v.redd.it/4ddexiyxp8r51,2020-10-05T08:53:52.879000+0000,0:09,FALSE
Impossible Question,video,analsextoybox,/r/Unexpected/comments/ugije5/impossible_question/,https://v.redd.it/bf3mft7w10x81,2022-05-02T05:35:39.754000+0000,0:04,FALSE
Bicyclists Protest by blocking roads with bikes.,video,StcStasi,/r/Unexpected/comments/q9tre7/bicyclists_protest_by_blocking_roads_with_bikes/,https://v.redd.it/ccxdvu3omyt71,2021-10-17T07:07:45.178000+0000,0:13,FALSE
Gender reveal,video,desimemewala,/r/Unexpected/comments/x0stk3/gender_reveal/,https://v.redd.it/x090d9sygok91,2022-08-29T16:17:56.201000+0000,0:06,FALSE
The big reveal,video,mazimai,/r/Unexpected/comments/pqbd56/the_big_reveal/,https://v.redd.it/t5namz3se5o71,2021-09-17T23:32:24.506000+0000,0:42,FALSE
